SKU,PART NUMBER
kit1,G5225001
,G5225258
,G5225553
,072-9466
,143-0671
kit2,FPBS40430
,FPBS40612
,FPES72856
,FPMS94951
,FPBS40619
kit3,FP61421
,052-3527
,FPRDS55047
,FPRDS55073
kit4,FPRDS55394
,FPMS97084
,K33333025
,GPD4812585
,GPD4812609
kit5,GPD4812568
,GPD4812629
,GPD4812630
,GPD4812628
,GPD4812517
,GPD4812537
kit6,GPD4812536
,GPD4812634
,BO290093
,H2179151
kit7,GPD13146C
,RN73010025
,RN73010026
,RI07010011
,RH01590014
,RD01250003
kit8,RN13010011
,G5225246
,G5225071
,G5225467
,G5225000
,G5225298
kit9,G5224399
,G5225205
,PLPH8H11H16
,PLP9006CVB2
,PLPH7XVB2
,PLP9008XVB2
,TS801730
kit10,TSS1038
,RH22130013
,RH22130014
,G5224515
,G5227171
,G5224836
kit11,G5225196
,RM07110016
,BS96337
,CUR51701
,RH22130014Q
kit12,RH76350008
,REPH106913Q
,P15L7146
,RN37050008
kit13,RC22130002Q
,SU58ER
,SU59ER
kit14,SU59EL
,RT01170034
,RN01170013
,KVC100127
kti15,REPC013162Q
,RC10010067Q
,TRWTXH1165
,TRWTXH1822
kti16,TY221ER-S
,TY221EL-S
,RN07010027
,BEC158-1703
,TRWJAR853
kit17,TRWJBJ363
,TRWJTC1117
,TRWJTC1118
,RM01250024
,CUR15920
kit18,TY254EL-S
,RN07010028
,GATTX168
,MORLED1512
,MORMMN067
kit19,RF10010127
,RF10010128
,DJ31670001
,S71SPA2187
,REPK010308PQ
kit20,RC25010005
,RH76210022
,RH76210024
,RC22370013
,RC22370014